[{
      "name": "Renan Ofugi Mikami",
      "subject": " Concolic Testing",
      "date": "01/02/2017",
      "mail": "renan.ofugi@gmail.com ",
      "homepage": ""
    },
    {
      "name": "Marcelo Marcinio Pereira Junior",
      "subject": "Software inteligente para auxílio na maratona de programação",
      "date": "03/16/2017",
      "mail": "marcelo.jr63@gmail.com",
      "homepage": ""
    },
    {
      "name": "Matheus Cardoso Duarte Santos",
      "subject": "Static Analysis",
      "date": "20/01/2016",
      "mail": "mtesedd@gmail.com",
      "homepage": ""
    }]